# FoloToy AI Passport: 8 MB Flash, dual OTA (~3.9 MB each).
# First flash after this change must write the partition table (idf.py flash).
# Do not erase-flash: NVS stays at 0x9000 so pet data survives.
# Name,   Type, SubType, Offset,   Size, Flags
nvs,      data, nvs,     0x9000,   0x6000,
otadata,  data, ota,     0xf000,   0x2000,
phy_init, data, phy,     0x11000,  0x1000,
ota_0,    app,  ota_0,   0x20000,  0x3D0000,
ota_1,    app,  ota_1,   0x3F0000, 0x3D0000,
bgimg,    data, 0x40,    0x7C0000, 0x28000,
